1,Afeganist‹o,AF,AFG,4
2,çfrica do Sul,ZA,ZAF,710
3,Alb‰nia,AL,ALB,8
4,Alemanha,DE,DEU,276
5,AlgŽria,DZ,DZA,12
6,Andorra,AD,AND,20
7,Angola,AO,AGO,24
8,Anguilla,AI,AIA,660
9,Ant‡rtida,AQ,ATA,10
10,Ant’gua e Barbuda,AG,ATG,28
11,Antilhas Holandesas,AN,ANT,530
12,Ar‡bia Saudita,SA,SAU,682
13,Argentina,AR,ARG,32
14,Armnia,AM,ARM,51
15,Aruba,AW,ABW,533
16,Austr‡lia,AU,AUS,36
17,çustria,AT,AUT,40
18,Azerbaij‹o,AZ ,AZE,31
19,Bahamas,BS,BHS,44
20,Bahrein,BH,BHR,48
21,Bangladesh,BD,BGD,50
22,Barbados,BB,BRB,52
23,Belarus,BY,BLR,112
24,BŽlgica,BE,BEL,56
25,Belize,BZ,BLZ,84
26,Benin,BJ,BEN,204
27,Bermudas,BM,BMU,60
28,Bol’via,BO,BOL,68
29,B—snia-Herzeg—vina,BA,BIH,70
30,Botsuana,BW,BWA,72
31,Brasil,BR,BRA,76
32,Brunei,BN,BRN,96
33,Bulg‡ria,BG,BGR,100
34,Burkina Fasso,BF,BFA,854
35,Burundi,BI,BDI,108
36,But‹o,BT,BTN,64
37,Cabo Verde,CV,CPV,132
38,Camar›es,CM,CMR,120
39,Camboja,KH,KHM,116
40,Canad‡,CA,CAN,124
41,Cazaquist‹o,KZ,KAZ,398
42,Chade,TD,TCD,148
43,Chile,CL,CHL,152
44,China,CN,CHN,156
45,Chipre,CY,CYP,196
46,Cingapura,SG,SGP,702
47,Col™mbia,CO,COL,170
48,Congo,CG,COG,178
49,CorŽia do Norte,KP,PRK,408
50,CorŽia do Sul,KR,KOR,410
51,Costa do Marfim,CI,CIV,384
52,Costa Rica,CR,CRI,188
53,Cro‡cia (Hrvatska),HR,HRV,191
54,Cuba,CU,CUB,192
55,Dinamarca,DK,DNK,208
56,Djibuti,DJ,DJI,262
57,Dominica,DM,DMA,212
58,Egito,EG,EGY,818
59,El Salvador,SV,SLV,222
60,Emirados çrabes Unidos,AE,ARE,784
61,Equador,EC,ECU,218
62,EritrŽia,ER,ERI,232
63,Eslov‡quia,SK,SVK,703
64,Eslovnia,SI,SVN,705
65,Espanha,ES,ESP,724
66,Estados Unidos,US,USA,840
67,Est™nia,EE,EST,233
68,Eti—pia,ET,ETH,231
69,Federa‹o Russa,RU,RUS,643
70,Fiji,FJ,FJI,242
71,Filipinas,PH,PHL,608
72,Finl‰ndia,FI,FIN,246
73,Frana,FR,FRA,250
74,Frana Metropolitana,FX,FXX,249
75,Gab‹o,GA,GAB,266
76,G‰mbia,GM,GMB,270
77,Gana,GH,GHA,288
78,Ge—rgia,GE,GEO,268
79,Gibraltar,GI,GIB,292
80,"Gr‹-Bretanha (Reino Unido, UK)",GB,GBR,826
81,Granada,GD,GRD,308
82,GrŽcia,GR,GRC,300
83,Groel‰ndia,GL,GRL,304
84,Guadalupe,GP,GLP,312
85,Guam (Territ—rio dos Estados Unidos),GU,GUM,316
86,Guatemala,GT,GTM,320
87,Guiana,GY,GUY,328
88,Guiana Francesa,GF,GUF,254
89,GuinŽ,GN,GIN,324
90,GuinŽ Equatorial,GQ,GNQ,226
91,GuinŽ-Bissau,GW,GNB,624
92,Haiti,HT,HTI,332
93,Holanda,NL,NLD,528
94,Honduras,HN,HND,340
95,Hong Kong,HK,HKG,344
96,Hungria,HU,HUN,348
97,Imen,YE,YEM,887
98,Ilha Bouvet (Territ—rio da Noruega),BV,BVT,74
99,Ilha Natal,CX,CXR,162
100,Ilha Pitcairn,PN,PCN,612
101,Ilha Reuni‹o,RE,REU,638
102,Ilhas Cayman,KY,CYM,136
103,Ilhas Cocos,CC,CCK,166
104,Ilhas Comores,KM,COM,174
105,Ilhas Cook,CK,COK,184
106,Ilhas Faeroes,FO,FRO,234
107,Ilhas Falkland (Malvinas),FK,FLK,238
108,Ilhas Ge—rgia do Sul e Sandwich do Sul,GS,SGS,239
109,Ilhas Heard e McDonald (Territ—rio da Austr‡lia),HM,HMD,334
110,Ilhas Marianas do Norte,MP,MNP,580
111,Ilhas Marshall,MH,MHL,584
112,Ilhas Menores dos Estados Unidos,UM,UMI,581
113,Ilhas Norfolk,NF,NFK,574
114,Ilhas Seychelles,SC,SYC,690
115,Ilhas Solom‹o,SB,SLB,90
116,Ilhas Svalbard e Jan Mayen,SJ,SJM,744
117,Ilhas Tokelau,TK,TKL,772
118,Ilhas Turks e Caicos,TC,TCA,796
119,Ilhas Virgens (Estados Unidos),VI,VIR,850
120,Ilhas Virgens (Inglaterra),VG,VGB,92
121,Ilhas Wallis e Futuna,WF,WLF,876
122,’ndia,IN,IND,356
123,IndonŽsia,ID,IDN,360
124,Ir‹,IR,IRN,364
125,Iraque,IQ,IRQ,368
126,Irlanda,IE,IRL,372
127,Isl‰ndia,IS,ISL,352
128,Israel,IL,ISR,376
129,It‡lia,IT,ITA,380
130,Iugosl‡via,YU,YUG,891
131,Jamaica,JM,JAM,388
132,Jap‹o,JP,JPN,392
133,Jord‰nia,JO,JOR,400
134,Knia,KE,KEN,404
135,Kiribati,KI,KIR,296
136,Kuait,KW,KWT,414
137,Laos,LA,LAO,418
138,L‡tvia,LV,LVA,428
139,Lesoto,LS,LSO,426
140,L’bano,LB,LBN,422
141,LibŽria,LR,LBR,430
142,L’bia,LY,LBY,434
143,Liechtenstein,LI,LIE,438
144,Litu‰nia,LT,LTU,440
145,Luxemburgo,LU,LUX,442
146,Macau,MO,MAC,446
147,Maced™nia,MK,MKD,807
148,Madagascar,MG,MDG,450
149,Mal‡sia,MY,MYS,458
150,Malaui,MW,MWI,454
151,Maldivas,MV,MDV,462
152,Mali,ML,MLI,466
153,Malta,MT,MLT,470
154,Marrocos,MA,MAR,504
155,Martinica,MQ,MTQ,474
156,Maur’cio,MU,MUS,480
157,Maurit‰nia,MR,MRT,478
158,Mayotte,YT,MYT,175
159,MŽxico,MX,MEX,484
160,MicronŽsia,FM,FSM,583
161,Moambique,MZ,MOZ,508
162,Moldova,MD,MDA,498
163,M™naco,MC,MCO,492
164,Mong—lia,MN,MNG,496
165,Montserrat,MS,MSR,500
166,Myanma,MM,MMR,104
167,Nam’bia,NA,NAM,516
168,Nauru,NR,NRU,520
169,Nepal,NP,NPL,524
170,Nicar‡gua,NI,NIC,558
171,N’ger,NE,NER,562
172,NigŽria,NG,NGA,566
173,Niue,NU,NIU,570
174,Noruega,NO,NOR,578
175,Nova Caled™nia,NC,NCL,540
176,Nova Zel‰ndia,NZ,NZL,554
177,Om‹,OM,OMN,512
178,Palau,PW,PLW,585
179,Panam‡,PA,PAN,591
180,Papua-Nova GuinŽ,PG,PNG,598
181,Paquist‹o,PK,PAK,586
182,Paraguai,PY,PRY,600
183,Peru,PE,PER,604
184,PolinŽsia Francesa,PF,PYF,258
185,Pol™nia,PL,POL,616
186,Porto Rico,PR,PRI,630
187,Portugal,PT,PRT,620
188,Qatar,QA,QAT,634
189,Quirguist‹o,KG,KGZ,417
190,Repœblica Centro-Africana,CF,CAF,140
191,Repœblica Dominicana,DO,DOM,214
192,Repœblica Tcheca,CZ,CZE,203
193,Romnia,RO,ROM,642
194,Ruanda,RW,RWA,646
195,Saara Ocidental,EH,ESH,732
196,Saint Vincente e Granadinas,VC,VCT,670
197,Samoa Ocidental,AS,ASM,16
198,Samoa Ocidental,WS,WSM,882
199,San Marino,SM,SMR,674
200,Santa Helena,SH,SHN,654
201,Santa Lœcia,LC,LCA,662
202,S‹o Crist—v‹o e NŽvis,KN,KNA,659
203,S‹o TomŽ e Pr’ncipe,ST,STP,678
204,Senegal,SN,SEN,686
205,Serra Leoa,SL,SLE,694
206,S’ria,SY,SYR,760
207,Som‡lia,SO,SOM,706
208,Sri Lanka,LK,LKA,144
209,St. Pierre and Miquelon,PM,SPM,666
210,Suazil‰ndia,SZ,SWZ,748
211,Sud‹o,SD,SDN,736
212,SuŽcia,SE,SWE,752
213,Su’a,CH,CHE,756
214,Suriname,SR,SUR,740
215,Tadjiquist‹o,TJ,TJK,762
216,Tail‰ndia,TH,THA,764
217,Taiwan,TW,TWN,158
218,Tanz‰nia,TZ,TZA,834
219,Territ—rio Brit‰nico do Oceano ’ndico,IO,IOT,86
220,Territ—rios do Sul da Frana,TF,ATF,260
221,Timor Leste,TP,TMP,626
222,Togo,TG,TGO,768
223,Tonga,TO,TON,776
224,Trinidad and Tobago,TT,TTO,780
225,Tun’sia,TN,TUN,788
226,Turcomenist‹o,TM,TKM,795
227,Turquia,TR,TUR,792
228,Tuvalu,TV,TUV,798
229,Ucr‰nia,UA,UKR,804
230,Uganda,UG,UGA,800
231,Uruguai,UY,URY,858
232,Uzbequist‹o,UZ,UZB,860
233,Vanuatu,VU,VUT,548
234,Vaticano,VA,VAT,336
235,Venezuela,VE,VEN,862
236,Vietn‹,VN,VNM,704
237,Zaire,ZR,ZAR,180
238,Z‰mbia,ZM,ZMB,894
239,Zimb‡bue,ZW,ZWE,716